{"cameraMode":{"drawMode":0,"name":"Shaded","section":"Shading Mode"},"sceneLighting":true,"audioPlay":false,"sceneViewState":{"m_AlwaysRefresh":false,"showFog":true,"showSkybox":true,"showFlares":true,"showImageEffects":true,"showParticleSystems":true,"showVisualEffectGraphs":true,"m_FxEnabled":true},"in2DMode":false,"pivot":{"x":19.135953903198243,"y":29.821380615234376,"z":-49.48577880859375},"rotation":{"x":0.19923415780067445,"y":0.7982886433601379,"z":-0.43558916449546816,"w":0.3651294708251953},"size":26.652311325073243,"orthographic":true}