{"cameraMode":{"drawMode":0,"name":"Shaded","section":"Shading Mode"},"sceneLighting":false,"audioPlay":false,"sceneViewState":{"m_AlwaysRefresh":false,"showFog":true,"showSkybox":false,"showFlares":true,"showImageEffects":true,"showParticleSystems":true,"showVisualEffectGraphs":true,"m_FxEnabled":true},"in2DMode":false,"pivot":{"x":-1.6140263080596924,"y":-1.6025676727294922,"z":-0.05844831466674805},"rotation":{"x":0.06553084403276444,"y":-0.8406031727790833,"z":0.10444198548793793,"w":0.5274750590324402},"size":12.920690536499024,"orthographic":false}