{"cameraMode":{"drawMode":0,"name":"Shaded","section":"Shading Mode"},"sceneLighting":false,"audioPlay":false,"sceneViewState":{"m_AlwaysRefresh":false,"showFog":true,"showSkybox":false,"showFlares":true,"showImageEffects":true,"showParticleSystems":true,"showVisualEffectGraphs":true,"m_FxEnabled":true},"in2DMode":false,"pivot":{"x":-0.06094837188720703,"y":-23.42253875732422,"z":0.02556133270263672},"rotation":{"x":0.06553084403276444,"y":-0.8406031727790833,"z":0.10444198548793793,"w":0.5274750590324402},"size":29.9355525970459,"orthographic":false}