{"cameraMode":{"drawMode":0,"name":"Shaded","section":"Shading Mode"},"sceneLighting":false,"audioPlay":false,"sceneViewState":{"m_AlwaysRefresh":false,"showFog":true,"showSkybox":false,"showFlares":true,"showImageEffects":true,"showParticleSystems":true,"showVisualEffectGraphs":true,"m_FxEnabled":true},"in2DMode":false,"pivot":{"x":-0.00012499094009399414,"y":0.12999999523162843,"z":1.006990671157837},"rotation":{"x":-0.04430929943919182,"y":0.9552004933357239,"z":-0.22225439548492433,"w":-0.19044770300388337},"size":1.2983537912368775,"orthographic":false}