{"cameraMode":{"drawMode":0,"name":"Shaded","section":"Shading Mode"},"sceneLighting":false,"audioPlay":false,"sceneViewState":{"m_AlwaysRefresh":false,"showFog":true,"showSkybox":false,"showFlares":true,"showImageEffects":true,"showParticleSystems":true,"showVisualEffectGraphs":true,"m_FxEnabled":true},"in2DMode":false,"pivot":{"x":-0.1600499153137207,"y":-0.0357060432434082,"z":0.47280073165893557},"rotation":{"x":0.0807088240981102,"y":-0.7799412608146668,"z":0.10285130143165589,"w":0.612083375453949},"size":1.2298282384872437,"orthographic":false}