{"cameraMode":{"drawMode":0,"name":"Shaded","section":"Shading Mode"},"sceneLighting":false,"audioPlay":false,"sceneViewState":{"m_AlwaysRefresh":false,"showFog":true,"showSkybox":false,"showFlares":true,"showImageEffects":true,"showParticleSystems":true,"showVisualEffectGraphs":true,"m_FxEnabled":true},"in2DMode":false,"pivot":{"x":4.9265313148498539,"y":0.5347023010253906,"z":-2.1824357509613039},"rotation":{"x":-0.022421738132834436,"y":0.9773114919662476,"z":-0.16003496944904328,"w":-0.13692647218704225},"size":4.101450443267822,"orthographic":false}