{"cameraMode":{"drawMode":0,"name":"Shaded","section":"Shading Mode"},"sceneLighting":false,"audioPlay":false,"sceneViewState":{"m_AlwaysRefresh":false,"showFog":true,"showSkybox":false,"showFlares":true,"showImageEffects":true,"showParticleSystems":true,"showVisualEffectGraphs":true,"m_FxEnabled":true},"in2DMode":false,"pivot":{"x":-0.5539981126785278,"y":0.6321986317634583,"z":-0.5276868343353272},"rotation":{"x":0.0170181505382061,"y":-0.9811097979545593,"z":0.16336838901042939,"w":0.10220257192850113},"size":1.1855461597442628,"orthographic":false}