{"cameraMode":{"drawMode":0,"name":"Shaded","section":"Shading Mode"},"sceneLighting":false,"audioPlay":false,"sceneViewState":{"m_AlwaysRefresh":false,"showFog":true,"showSkybox":false,"showFlares":true,"showImageEffects":true,"showParticleSystems":true,"showVisualEffectGraphs":true,"m_FxEnabled":true},"in2DMode":false,"pivot":{"x":0.31980979442596438,"y":1.1920928955078126e-7,"z":0.3198099136352539},"rotation":{"x":-0.18351532518863679,"y":0.050696101039648059,"z":-0.009477244690060616,"w":-0.9816648364067078},"size":2.2785725593566896,"orthographic":false}