{"cameraMode":{"drawMode":0,"name":"Shaded","section":"Shading Mode"},"sceneLighting":false,"audioPlay":false,"sceneViewState":{"m_AlwaysRefresh":false,"showFog":true,"showSkybox":false,"showFlares":true,"showImageEffects":true,"showParticleSystems":true,"showVisualEffectGraphs":true,"m_FxEnabled":true},"in2DMode":false,"pivot":{"x":0.13573384284973145,"y":-0.34683769941329958,"z":0.9832740426063538},"rotation":{"x":0.08806038647890091,"y":0.8081973195075989,"z":-0.1251291036605835,"w":0.5687227845191956},"size":1.8000173568725587,"orthographic":false}