{"cameraMode":{"drawMode":0,"name":"Shaded","section":"Shading Mode"},"sceneLighting":false,"audioPlay":false,"sceneViewState":{"m_AlwaysRefresh":false,"showFog":true,"showSkybox":false,"showFlares":true,"showImageEffects":true,"showParticleSystems":true,"showVisualEffectGraphs":true,"m_FxEnabled":true},"in2DMode":false,"pivot":{"x":-0.01851487159729004,"y":1.0386033058166505,"z":0.9441585540771484},"rotation":{"x":0.06553084403276444,"y":-0.8406031727790833,"z":0.10444198548793793,"w":0.5274750590324402},"size":3.0158944129943849,"orthographic":false}