{"cameraMode":{"drawMode":0,"name":"Shaded","section":"Shading Mode"},"sceneLighting":false,"audioPlay":false,"sceneViewState":{"m_AlwaysRefresh":false,"showFog":true,"showSkybox":false,"showFlares":true,"showImageEffects":true,"showParticleSystems":true,"showVisualEffectGraphs":true,"m_FxEnabled":true},"in2DMode":false,"pivot":{"x":0.01732635498046875,"y":0.3936309814453125,"z":0.017589569091796876},"rotation":{"x":0.035464558750391009,"y":-0.9268530607223511,"z":0.09065566211938858,"w":0.3625861406326294},"size":70.7850570678711,"orthographic":true}