{"cameraMode":{"drawMode":0,"name":"Shaded","section":"Shading Mode"},"sceneLighting":false,"audioPlay":false,"sceneViewState":{"m_AlwaysRefresh":false,"showFog":true,"showSkybox":false,"showFlares":true,"showImageEffects":true,"showParticleSystems":true,"showVisualEffectGraphs":true,"m_FxEnabled":true},"in2DMode":false,"pivot":{"x":-2.6667838096618654,"y":0.25151658058166506,"z":-0.1782112717628479},"rotation":{"x":-0.18351532518863679,"y":0.050696101039648059,"z":-0.009477244690060616,"w":-0.9816648364067078},"size":1.9310455322265626,"orthographic":false}