{"cameraMode":{"drawMode":0,"name":"Shaded","section":"Shading Mode"},"sceneLighting":true,"audioPlay":false,"sceneViewState":{"m_AlwaysRefresh":false,"showFog":true,"showSkybox":false,"showFlares":true,"showImageEffects":true,"showParticleSystems":true,"showVisualEffectGraphs":true,"m_FxEnabled":true},"in2DMode":false,"pivot":{"x":-0.002090000081807375,"y":-0.00039000000106170774,"z":-0.0012750000460073352},"rotation":{"x":0.16457499563694,"y":0.6511877775192261,"z":-0.14760780334472657,"w":0.7260283827781677},"size":0.8660253882408142,"orthographic":false}