{"cameraMode":{"drawMode":0,"name":"Shaded","section":"Shading Mode"},"sceneLighting":false,"audioPlay":false,"sceneViewState":{"m_AlwaysRefresh":false,"showFog":true,"showSkybox":false,"showFlares":true,"showImageEffects":true,"showParticleSystems":true,"showVisualEffectGraphs":true,"m_FxEnabled":true},"in2DMode":false,"pivot":{"x":-0.2735086679458618,"y":-0.8269398212432861,"z":1.0684880018234254},"rotation":{"x":0.10048799961805344,"y":0.8976067304611206,"z":-0.2708995044231415,"w":0.3329527676105499},"size":2.2851970195770265,"orthographic":false}